{
    "name": "SOME Police Station",
    "phone": 9042440255,
    "latMin": 11.00000,
    "latMax": 12.91503,
    "lonMin": 77.00600,
    "lonMax": 78.93052
}
