{
    "name": "Central Police Station",
    "phone": "123-456-7890",
    "latMin": 11.00000,
    "latMax": 12.91503,
    "lonMin": 77.00600,
    "lonMax": 78.93052
}
   
